Title,Artist,danceability,energy,key,loudness,mode,speechiness,acousticness,instrumentalness,liveness,valence,tempo,type,id,uri,track_href,analysis_url,duration_ms,time_signature
Kill Bill,SZA,0.644,0.735,8,-5.747,1,0.0391,0.0521,0.144,0.161,0.418,88.98,audio_features,1Qrg8KqiBpW07V7PNxwwwL,spotify:track:1Qrg8KqiBpW07V7PNxwwwL,https://api.spotify.com/v1/tracks/1Qrg8KqiBpW07V7PNxwwwL,https://api.spotify.com/v1/audio-analysis/1Qrg8KqiBpW07V7PNxwwwL,153947,4
Last Night,Morgan Wallen,0.517,0.675,6,-5.382,1,0.0357,0.459,0.0,0.151,0.518,203.853,audio_features,59uQI0PADDKeE6UZDTJEe8,spotify:track:59uQI0PADDKeE6UZDTJEe8,https://api.spotify.com/v1/tracks/59uQI0PADDKeE6UZDTJEe8,https://api.spotify.com/v1/audio-analysis/59uQI0PADDKeE6UZDTJEe8,163855,4
Flowers,Miley Cyrus,0.672,0.159,9,-8.76,0,0.0343,0.962,1.83e-05,0.106,0.117,113.218,audio_features,0436pabrDTOgxH02ugHGBA,spotify:track:0436pabrDTOgxH02ugHGBA,https://api.spotify.com/v1/tracks/0436pabrDTOgxH02ugHGBA,https://api.spotify.com/v1/audio-analysis/0436pabrDTOgxH02ugHGBA,210827,4
Princess Diana,Ice Spice & Nicki Minaj,0.898,0.676,9,-5.196,1,0.187,0.14,0.0,0.101,0.742,147.991,audio_features,0ZxhtATQ0a6EvQNZ0z6NKV,spotify:track:0ZxhtATQ0a6EvQNZ0z6NKV,https://api.spotify.com/v1/tracks/0ZxhtATQ0a6EvQNZ0z6NKV,https://api.spotify.com/v1/audio-analysis/0ZxhtATQ0a6EvQNZ0z6NKV,172125,4
Ella Baila Sola,Eslabon Armado X Peso Pluma,0.668,0.758,5,-5.176,0,0.0332,0.483,1.89e-05,0.0837,0.834,147.989,audio_features,3dnP0JxCgygwQH9Gm7q7nb,spotify:track:3dnP0JxCgygwQH9Gm7q7nb,https://api.spotify.com/v1/tracks/3dnP0JxCgygwQH9Gm7q7nb,https://api.spotify.com/v1/audio-analysis/3dnP0JxCgygwQH9Gm7q7nb,165671,3
Creepin',"Metro Boomin, The Weeknd & 21 Savage",0.715,0.62,1,-6.005,0,0.0484,0.417,0.0,0.0822,0.172,97.95,audio_features,2dHHgzDwk4BJdRwy9uXhTO,spotify:track:2dHHgzDwk4BJdRwy9uXhTO,https://api.spotify.com/v1/tracks/2dHHgzDwk4BJdRwy9uXhTO,https://api.spotify.com/v1/audio-analysis/2dHHgzDwk4BJdRwy9uXhTO,221520,4
Calm Down,Rema & Selena Gomez,0.801,0.806,11,-5.206,1,0.0381,0.382,0.000669,0.114,0.802,106.999,audio_features,0WtM2NBVQNNJLh6scP13H8,spotify:track:0WtM2NBVQNNJLh6scP13H8,https://api.spotify.com/v1/tracks/0WtM2NBVQNNJLh6scP13H8,https://api.spotify.com/v1/audio-analysis/0WtM2NBVQNNJLh6scP13H8,239318,4
Die For You,The Weeknd & Ariana Grande,0.531,0.525,1,-6.5,0,0.0671,0.232,0.0,0.441,0.502,66.9,audio_features,7oDd86yk8itslrA9HRP2ki,spotify:track:7oDd86yk8itslrA9HRP2ki,https://api.spotify.com/v1/tracks/7oDd86yk8itslrA9HRP2ki,https://api.spotify.com/v1/audio-analysis/7oDd86yk8itslrA9HRP2ki,232857,4
Search & Rescue,Drake,0.235,0.977,6,0.878,1,0.107,0.00353,0.00604,0.172,0.241,152.952,audio_features,00sydAz6PeOxYzwG1dRIPi,spotify:track:00sydAz6PeOxYzwG1dRIPi,https://api.spotify.com/v1/tracks/00sydAz6PeOxYzwG1dRIPi,https://api.spotify.com/v1/audio-analysis/00sydAz6PeOxYzwG1dRIPi,208133,4
"Boy's A Liar, Pt. 2",PinkPantheress & Ice Spice,0.696,0.809,5,-8.254,1,0.05,0.252,0.000128,0.248,0.857,132.962,audio_features,6AQbmUe0Qwf5PZnt4HmTXv,spotify:track:6AQbmUe0Qwf5PZnt4HmTXv,https://api.spotify.com/v1/tracks/6AQbmUe0Qwf5PZnt4HmTXv,https://api.spotify.com/v1/audio-analysis/6AQbmUe0Qwf5PZnt4HmTXv,131013,4
Anti-Hero,Taylor Swift,0.637,0.643,4,-6.571,1,0.0519,0.13,1.8e-06,0.142,0.533,97.008,audio_features,0V3wPSX9ygBnCm8psDIegu,spotify:track:0V3wPSX9ygBnCm8psDIegu,https://api.spotify.com/v1/tracks/0V3wPSX9ygBnCm8psDIegu,https://api.spotify.com/v1/audio-analysis/0V3wPSX9ygBnCm8psDIegu,200690,4
La Bebe,Yng Lvcas x Peso Pluma,0.812,0.479,2,-5.678,0,0.333,0.213,1.21e-06,0.0756,0.559,169.922,audio_features,2UW7JaomAMuX9pZrjVpHAU,spotify:track:2UW7JaomAMuX9pZrjVpHAU,https://api.spotify.com/v1/tracks/2UW7JaomAMuX9pZrjVpHAU,https://api.spotify.com/v1/audio-analysis/2UW7JaomAMuX9pZrjVpHAU,234353,4
Chemical,Post Malone,0.508,0.649,10,-7.177,0,0.0349,0.0253,2.28e-06,0.375,0.301,97.52,audio_features,2k3fs1S5gYqwzN8G2QDXiJ,spotify:track:2k3fs1S5gYqwzN8G2QDXiJ,https://api.spotify.com/v1/tracks/2k3fs1S5gYqwzN8G2QDXiJ,https://api.spotify.com/v1/audio-analysis/2k3fs1S5gYqwzN8G2QDXiJ,220653,4
Favorite Song,Toosii,0.816,0.367,2,-9.354,1,0.0588,0.314,0.0,0.0987,0.413,116.035,audio_features,1SRw5p2lVAi7RGlHEmZg66,spotify:track:1SRw5p2lVAi7RGlHEmZg66,https://api.spotify.com/v1/tracks/1SRw5p2lVAi7RGlHEmZg66,https://api.spotify.com/v1/audio-analysis/1SRw5p2lVAi7RGlHEmZg66,208630,4
Un x100to,Grupo Frontera X Bad Bunny,0.569,0.724,6,-4.076,0,0.0474,0.228,0.0,0.27,0.562,83.118,audio_features,6pD0ufEQq0xdHSsRbg9LBK,spotify:track:6pD0ufEQq0xdHSsRbg9LBK,https://api.spotify.com/v1/tracks/6pD0ufEQq0xdHSsRbg9LBK,https://api.spotify.com/v1/audio-analysis/6pD0ufEQq0xdHSsRbg9LBK,194563,4
Players,Coi Leray,0.954,0.516,6,-5.817,1,0.16,0.03,7.54e-06,0.0504,0.624,105.001,audio_features,6UN73IYd0hZxLi8wFPMQij,spotify:track:6UN73IYd0hZxLi8wFPMQij,https://api.spotify.com/v1/tracks/6UN73IYd0hZxLi8wFPMQij,https://api.spotify.com/v1/audio-analysis/6UN73IYd0hZxLi8wFPMQij,139560,4
Rock And A Hard Place,Bailey Zimmerman,0.582,0.568,1,-7.3,1,0.0275,0.577,0.0,0.105,0.394,121.991,audio_features,4686eQ81DEswHa90bcdlC9,spotify:track:4686eQ81DEswHa90bcdlC9,https://api.spotify.com/v1/tracks/4686eQ81DEswHa90bcdlC9,https://api.spotify.com/v1/audio-analysis/4686eQ81DEswHa90bcdlC9,207541,3
You Proof,Morgan Wallen,0.732,0.839,9,-5.007,1,0.0345,0.265,0.0,0.602,0.629,119.724,audio_features,5W4kiM2cUYBJXKRudNyxjW,spotify:track:5W4kiM2cUYBJXKRudNyxjW,https://api.spotify.com/v1/tracks/5W4kiM2cUYBJXKRudNyxjW,https://api.spotify.com/v1/audio-analysis/5W4kiM2cUYBJXKRudNyxjW,157478,4
Fast Car,Luke Combs,0.712,0.603,8,-5.52,1,0.0262,0.186,0.0,0.115,0.67,97.994,audio_features,1Lo0QY9cvc8sUB2vnIOxDT,spotify:track:1Lo0QY9cvc8sUB2vnIOxDT,https://api.spotify.com/v1/tracks/1Lo0QY9cvc8sUB2vnIOxDT,https://api.spotify.com/v1/audio-analysis/1Lo0QY9cvc8sUB2vnIOxDT,265493,4
Sure Thing,Miguel,0.684,0.607,11,-8.127,0,0.1,0.0267,0.000307,0.191,0.498,81.001,audio_features,0JXXNGljqupsJaZsgSbMZV,spotify:track:0JXXNGljqupsJaZsgSbMZV,https://api.spotify.com/v1/tracks/0JXXNGljqupsJaZsgSbMZV,https://api.spotify.com/v1/audio-analysis/0JXXNGljqupsJaZsgSbMZV,195373,4
As It Was,Harry Styles,0.798,0.628,6,-6.835,0,0.0699,0.7,0.0759,0.123,0.903,87.01,audio_features,1i92UFFkxtKv4tYNzt1X1b,spotify:track:1i92UFFkxtKv4tYNzt1X1b,https://api.spotify.com/v1/tracks/1i92UFFkxtKv4tYNzt1X1b,https://api.spotify.com/v1/audio-analysis/1i92UFFkxtKv4tYNzt1X1b,226799,4
Thinkin' Bout Me,Morgan Wallen,0.732,0.839,9,-5.007,1,0.0345,0.265,0.0,0.602,0.629,119.724,audio_features,5W4kiM2cUYBJXKRudNyxjW,spotify:track:5W4kiM2cUYBJXKRudNyxjW,https://api.spotify.com/v1/tracks/5W4kiM2cUYBJXKRudNyxjW,https://api.spotify.com/v1/audio-analysis/5W4kiM2cUYBJXKRudNyxjW,157478,4
Lavender Haze,Taylor Swift,0.733,0.436,10,-10.489,1,0.08,0.258,0.000573,0.157,0.0976,96.985,audio_features,5jQI2r1RdgtuT8S3iG8zFC,spotify:track:5jQI2r1RdgtuT8S3iG8zFC,https://api.spotify.com/v1/tracks/5jQI2r1RdgtuT8S3iG8zFC,https://api.spotify.com/v1/audio-analysis/5jQI2r1RdgtuT8S3iG8zFC,202396,4
One Thing At A Time,Morgan Wallen,0.613,0.914,7,-5.153,1,0.03,0.00522,2.21e-06,0.26,0.916,141.978,audio_features,1rXq0uoV4KTgRN64jXzIxo,spotify:track:1rXq0uoV4KTgRN64jXzIxo,https://api.spotify.com/v1/tracks/1rXq0uoV4KTgRN64jXzIxo,https://api.spotify.com/v1/audio-analysis/1rXq0uoV4KTgRN64jXzIxo,206865,4
Thought You Should Know,Morgan Wallen,0.53,0.678,6,-6.16,1,0.0278,0.506,6.23e-06,0.138,0.508,140.05,audio_features,3Qu3Zh4WTKhP9GEXo0aDnb,spotify:track:3Qu3Zh4WTKhP9GEXo0aDnb,https://api.spotify.com/v1/tracks/3Qu3Zh4WTKhP9GEXo0aDnb,https://api.spotify.com/v1/audio-analysis/3Qu3Zh4WTKhP9GEXo0aDnb,215572,4
I'm Good (Blue),David Guetta & Bebe Rexha,0.561,0.965,7,-3.673,0,0.0343,0.00383,7.07e-06,0.371,0.304,128.04,audio_features,4uUG5RXrOk84mYEfFvj3cK,spotify:track:4uUG5RXrOk84mYEfFvj3cK,https://api.spotify.com/v1/tracks/4uUG5RXrOk84mYEfFvj3cK,https://api.spotify.com/v1/audio-analysis/4uUG5RXrOk84mYEfFvj3cK,175238,4
Under The Influence,Chris Brown,0.733,0.69,9,-5.529,0,0.0427,0.0635,1.18e-06,0.105,0.31,116.992,audio_features,5IgjP7X4th6nMNDh4akUHb,spotify:track:5IgjP7X4th6nMNDh4akUHb,https://api.spotify.com/v1/tracks/5IgjP7X4th6nMNDh4akUHb,https://api.spotify.com/v1/audio-analysis/5IgjP7X4th6nMNDh4akUHb,184613,4
Thank God,Kane Brown With Katelyn Brown,0.738,0.455,3,-8.735,1,0.0352,0.695,0.0,0.107,0.441,99.945,audio_features,1brnLTvarI9D1hLP6z2Ar8,spotify:track:1brnLTvarI9D1hLP6z2Ar8,https://api.spotify.com/v1/tracks/1brnLTvarI9D1hLP6z2Ar8,https://api.spotify.com/v1/audio-analysis/1brnLTvarI9D1hLP6z2Ar8,174560,4
Something In The Orange,Zach Bryan,0.369,0.192,4,-12.151,0,0.04,0.555,8.35e-06,0.0954,0.148,175.212,audio_features,3WMj8moIAXJhHsyLaqIIHI,spotify:track:3WMj8moIAXJhHsyLaqIIHI,https://api.spotify.com/v1/tracks/3WMj8moIAXJhHsyLaqIIHI,https://api.spotify.com/v1/audio-analysis/3WMj8moIAXJhHsyLaqIIHI,228013,3
Escapism,RAYE Featuring 070 Shake,0.538,0.742,2,-5.355,1,0.114,0.138,4.67e-05,0.0934,0.25,96.107,audio_features,5mHdCZtVyb4DcJw8799hZp,spotify:track:5mHdCZtVyb4DcJw8799hZp,https://api.spotify.com/v1/tracks/5mHdCZtVyb4DcJw8799hZp,https://api.spotify.com/v1/audio-analysis/5mHdCZtVyb4DcJw8799hZp,272373,4
Slut Me Out,NLE Choppa,0.938,0.606,6,-6.396,0,0.419,0.117,0.0,0.528,0.706,121.108,audio_features,5BmB3OaQyYXCqRyN8iR2Yi,spotify:track:5BmB3OaQyYXCqRyN8iR2Yi,https://api.spotify.com/v1/tracks/5BmB3OaQyYXCqRyN8iR2Yi,https://api.spotify.com/v1/audio-analysis/5BmB3OaQyYXCqRyN8iR2Yi,123673,4
Por Las Noches,Peso Pluma,0.807,0.595,0,-7.19,1,0.0325,0.31,2.44e-05,0.0735,0.392,92.491,audio_features,2VzCjpKvPB1l1tqLndtAQa,spotify:track:2VzCjpKvPB1l1tqLndtAQa,https://api.spotify.com/v1/tracks/2VzCjpKvPB1l1tqLndtAQa,https://api.spotify.com/v1/audio-analysis/2VzCjpKvPB1l1tqLndtAQa,239845,4
Unholy,Sam Smith & Kim Petras,0.714,0.472,2,-7.375,1,0.0864,0.013,4.51e-06,0.266,0.238,131.121,audio_features,3nqQXoyQOWXiESFLlDF1hG,spotify:track:3nqQXoyQOWXiESFLlDF1hG,https://api.spotify.com/v1/tracks/3nqQXoyQOWXiESFLlDF1hG,https://api.spotify.com/v1/audio-analysis/3nqQXoyQOWXiESFLlDF1hG,156943,4
Wait In The Truck,HARDY Featuring Lainey Wilson,0.534,0.466,6,-6.98,1,0.0272,0.277,0.0,0.0979,0.23,140.0,audio_features,7trjNYF5ek7zX4GKSHQZbP,spotify:track:7trjNYF5ek7zX4GKSHQZbP,https://api.spotify.com/v1/tracks/7trjNYF5ek7zX4GKSHQZbP,https://api.spotify.com/v1/audio-analysis/7trjNYF5ek7zX4GKSHQZbP,277660,4
PRC,Peso Pluma X Natanael Cano,0.784,0.826,7,-6.34,0,0.0538,0.0965,7.09e-05,0.123,0.893,138.078,audio_features,2mpoNBkngUEwnaKoBhZ0vl,spotify:track:2mpoNBkngUEwnaKoBhZ0vl,https://api.spotify.com/v1/tracks/2mpoNBkngUEwnaKoBhZ0vl,https://api.spotify.com/v1/audio-analysis/2mpoNBkngUEwnaKoBhZ0vl,184066,3
Just Wanna Rock,Lil Uzi Vert,0.486,0.545,11,-7.924,1,0.0336,0.0652,0.00474,0.0642,0.0385,150.187,audio_features,4FyesJzVpA39hbYvcseO2d,spotify:track:4FyesJzVpA39hbYvcseO2d,https://api.spotify.com/v1/tracks/4FyesJzVpA39hbYvcseO2d,https://api.spotify.com/v1/audio-analysis/4FyesJzVpA39hbYvcseO2d,123891,4
Handle On You,Parker McCollum,0.588,0.931,6,-3.925,1,0.0318,0.00411,0.0,0.345,0.625,105.027,audio_features,6Qpfsw8OS5HW5XxgmXYLWS,spotify:track:6Qpfsw8OS5HW5XxgmXYLWS,https://api.spotify.com/v1/tracks/6Qpfsw8OS5HW5XxgmXYLWS,https://api.spotify.com/v1/audio-analysis/6Qpfsw8OS5HW5XxgmXYLWS,219333,4
Dancin' In The Country,Tyler Hubbard,0.657,0.871,7,-4.614,1,0.0675,0.0031,0.0,0.102,0.532,114.974,audio_features,2KtGiBi5CrX2ERPD2PAS34,spotify:track:2KtGiBi5CrX2ERPD2PAS34,https://api.spotify.com/v1/tracks/2KtGiBi5CrX2ERPD2PAS34,https://api.spotify.com/v1/audio-analysis/2KtGiBi5CrX2ERPD2PAS34,179640,4
Snooze,SZA,0.559,0.551,5,-7.231,1,0.132,0.141,0.0,0.11,0.392,143.008,audio_features,4iZ4pt7kvcaH6Yo8UoZ4s2,spotify:track:4iZ4pt7kvcaH6Yo8UoZ4s2,https://api.spotify.com/v1/tracks/4iZ4pt7kvcaH6Yo8UoZ4s2,https://api.spotify.com/v1/audio-analysis/4iZ4pt7kvcaH6Yo8UoZ4s2,201800,4
AMG,"Gabito Ballesteros, Peso Pluma & Natanael Cano",0.772,0.73,11,-6.657,0,0.0972,0.152,0.000107,0.274,0.786,136.175,audio_features,1lRtH4FszTrwwlK5gTSbXO,spotify:track:1lRtH4FszTrwwlK5gTSbXO,https://api.spotify.com/v1/tracks/1lRtH4FszTrwwlK5gTSbXO,https://api.spotify.com/v1/audio-analysis/1lRtH4FszTrwwlK5gTSbXO,174943,3
Superhero (Heroes & Villains),"Metro Boomin, Future & Chris Brown",0.526,0.606,5,-5.3,0,0.259,0.152,2.36e-06,0.194,0.492,116.622,audio_features,0vjeOZ3Ft5jvAi9SBFJm1j,spotify:track:0vjeOZ3Ft5jvAi9SBFJm1j,https://api.spotify.com/v1/tracks/0vjeOZ3Ft5jvAi9SBFJm1j,https://api.spotify.com/v1/audio-analysis/0vjeOZ3Ft5jvAi9SBFJm1j,182667,4
TQG,Karol G x Shakira,0.72,0.63,4,-3.547,0,0.277,0.673,0.0,0.0936,0.607,179.974,audio_features,0DWdj2oZMBFSzRsi2Cvfzf,spotify:track:0DWdj2oZMBFSzRsi2Cvfzf,https://api.spotify.com/v1/tracks/0DWdj2oZMBFSzRsi2Cvfzf,https://api.spotify.com/v1/audio-analysis/0DWdj2oZMBFSzRsi2Cvfzf,199440,4
Rich Flex,Drake & 21 Savage,0.561,0.52,11,-9.342,0,0.244,0.0503,1.86e-06,0.355,0.424,153.15,audio_features,1bDbXMyjaUIooNwFE9wn0N,spotify:track:1bDbXMyjaUIooNwFE9wn0N,https://api.spotify.com/v1/tracks/1bDbXMyjaUIooNwFE9wn0N,https://api.spotify.com/v1/audio-analysis/1bDbXMyjaUIooNwFE9wn0N,239360,3
Love You Anyway,Luke Combs,0.532,0.489,4,-7.419,1,0.0311,0.149,0.0,0.237,0.32,139.807,audio_features,3qXsX3mYSsD1DmAvc3PE3N,spotify:track:3qXsX3mYSsD1DmAvc3PE3N,https://api.spotify.com/v1/tracks/3qXsX3mYSsD1DmAvc3PE3N,https://api.spotify.com/v1/audio-analysis/3qXsX3mYSsD1DmAvc3PE3N,229627,4
Spin Bout U,Drake & 21 Savage,0.773,0.701,7,-6.386,1,0.0512,0.01,0.0,0.163,0.203,129.963,audio_features,2ZL7WZcjuYKi1KUDtp4kCC,spotify:track:2ZL7WZcjuYKi1KUDtp4kCC,https://api.spotify.com/v1/tracks/2ZL7WZcjuYKi1KUDtp4kCC,https://api.spotify.com/v1/audio-analysis/2ZL7WZcjuYKi1KUDtp4kCC,214589,4
Next Thing You Know,Jordan Davis,0.557,0.597,5,-8.296,1,0.048,0.646,0.0,0.0974,0.414,78.526,audio_features,2lNTHWu2I5Tcz9ukWsV5Jj,spotify:track:2lNTHWu2I5Tcz9ukWsV5Jj,https://api.spotify.com/v1/tracks/2lNTHWu2I5Tcz9ukWsV5Jj,https://api.spotify.com/v1/audio-analysis/2lNTHWu2I5Tcz9ukWsV5Jj,175238,4
Eyes Closed,Ed Sheeran,0.777,0.526,2,-6.221,1,0.0645,0.302,0.0,0.105,0.389,107.071,audio_features,07bsRv0pcpbG4zJeLsUs1p,spotify:track:07bsRv0pcpbG4zJeLsUs1p,https://api.spotify.com/v1/tracks/07bsRv0pcpbG4zJeLsUs1p,https://api.spotify.com/v1/audio-analysis/07bsRv0pcpbG4zJeLsUs1p,194849,4
Daylight,David Kushner,0.508,0.43,2,-9.475,0,0.0335,0.83,0.000441,0.093,0.324,130.09,audio_features,1odExI7RdWc4BT515LTAwj,spotify:track:1odExI7RdWc4BT515LTAwj,https://api.spotify.com/v1/tracks/1odExI7RdWc4BT515LTAwj,https://api.spotify.com/v1/audio-analysis/1odExI7RdWc4BT515LTAwj,212954,4
Heart Like A Truck,Lainey Wilson,0.587,0.632,9,-5.416,1,0.0311,0.148,1.01e-05,0.158,0.392,139.974,audio_features,5ZCjp56T8J6d7amJyFSzrI,spotify:track:5ZCjp56T8J6d7amJyFSzrI,https://api.spotify.com/v1/tracks/5ZCjp56T8J6d7amJyFSzrI,https://api.spotify.com/v1/audio-analysis/5ZCjp56T8J6d7amJyFSzrI,199040,4
Cupid,Fifty Fifty,0.783,0.592,11,-8.332,0,0.0331,0.435,4.15e-06,0.347,0.726,120.018,audio_features,7FbrGaHYVDmfr7KoLIZnQ7,spotify:track:7FbrGaHYVDmfr7KoLIZnQ7,https://api.spotify.com/v1/tracks/7FbrGaHYVDmfr7KoLIZnQ7,https://api.spotify.com/v1/audio-analysis/7FbrGaHYVDmfr7KoLIZnQ7,174253,4
Wild As Her,Corey Kent,0.504,0.736,0,-6.079,1,0.0352,0.00216,0.0,0.129,0.46,148.014,audio_features,4RG7P0CXQ4pe0OeCAHjX5L,spotify:track:4RG7P0CXQ4pe0OeCAHjX5L,https://api.spotify.com/v1/tracks/4RG7P0CXQ4pe0OeCAHjX5L,https://api.spotify.com/v1/audio-analysis/4RG7P0CXQ4pe0OeCAHjX5L,199733,4
Bebe Dame,Fuerza Regida X Grupo Frontera,0.537,0.602,7,-4.631,1,0.0458,0.296,0.0,0.0715,0.753,157.437,audio_features,0mzsLrUNazBaRfYZfjmpSV,spotify:track:0mzsLrUNazBaRfYZfjmpSV,https://api.spotify.com/v1/tracks/0mzsLrUNazBaRfYZfjmpSV,https://api.spotify.com/v1/audio-analysis/0mzsLrUNazBaRfYZfjmpSV,271862,4
Bloody Mary,Lady Gaga,0.591,0.637,9,-6.365,0,0.03,0.0107,1.95e-06,0.113,0.432,99.998,audio_features,11BKm0j4eYoCPPpCONAVwA,spotify:track:11BKm0j4eYoCPPpCONAVwA,https://api.spotify.com/v1/tracks/11BKm0j4eYoCPPpCONAVwA,https://api.spotify.com/v1/audio-analysis/11BKm0j4eYoCPPpCONAVwA,244760,4
Tennessee Orange,Megan Moroney,0.38,0.488,9,-6.637,1,0.029,0.126,7.23e-06,0.115,0.268,156.031,audio_features,3fl4zil6HJ0N1FL3YIRwdC,spotify:track:3fl4zil6HJ0N1FL3YIRwdC,https://api.spotify.com/v1/tracks/3fl4zil6HJ0N1FL3YIRwdC,https://api.spotify.com/v1/audio-analysis/3fl4zil6HJ0N1FL3YIRwdC,223120,3
Fight The Feeling,Rod Wave,0.634,0.538,0,-9.213,1,0.0603,0.0514,0.0,0.099,0.152,168.029,audio_features,7l6nGz4gp6HGs5Cvmdeqe4,spotify:track:7l6nGz4gp6HGs5Cvmdeqe4,https://api.spotify.com/v1/tracks/7l6nGz4gp6HGs5Cvmdeqe4,https://api.spotify.com/v1/audio-analysis/7l6nGz4gp6HGs5Cvmdeqe4,160714,5
Peaches,Jack Black,0.365,0.767,9,-6.185,0,0.0681,0.181,0.000856,0.0942,0.422,94.174,audio_features,6crBy2sODw2HS53xquM6us,spotify:track:6crBy2sODw2HS53xquM6us,https://api.spotify.com/v1/tracks/6crBy2sODw2HS53xquM6us,https://api.spotify.com/v1/audio-analysis/6crBy2sODw2HS53xquM6us,248053,4
Low Down,Lil Baby,0.962,0.619,10,-5.562,0,0.405,0.0354,0.0,0.083,0.154,127.958,audio_features,5m0yZ33oOy0yYBtdTXuxQe,spotify:track:5m0yZ33oOy0yYBtdTXuxQe,https://api.spotify.com/v1/tracks/5m0yZ33oOy0yYBtdTXuxQe,https://api.spotify.com/v1/audio-analysis/5m0yZ33oOy0yYBtdTXuxQe,144652,4
Beso,Rosalia & Rauw Alejandro,0.653,0.505,5,-18.389,1,0.0577,0.000278,0.906,0.061,0.825,89.99,audio_features,2eqO3fdNGReijoK8RJXUdL,spotify:track:2eqO3fdNGReijoK8RJXUdL,https://api.spotify.com/v1/tracks/2eqO3fdNGReijoK8RJXUdL,https://api.spotify.com/v1/audio-analysis/2eqO3fdNGReijoK8RJXUdL,122667,4
El Azul,Junior H x Peso Pluma,0.558,0.648,9,-7.081,0,0.055,0.226,7.76e-06,0.0986,0.844,143.876,audio_features,1haJsMtoBhHfvuM7XWuT3W,spotify:track:1haJsMtoBhHfvuM7XWuT3W,https://api.spotify.com/v1/tracks/1haJsMtoBhHfvuM7XWuT3W,https://api.spotify.com/v1/audio-analysis/1haJsMtoBhHfvuM7XWuT3W,187226,3
Red Ruby Da Sleeze,Nicki Minaj,0.696,0.733,1,-6.181,1,0.256,0.115,0.0,0.111,0.292,98.355,audio_features,4ZYAU4A2YBtlNdqOUtc7T2,spotify:track:4ZYAU4A2YBtlNdqOUtc7T2,https://api.spotify.com/v1/tracks/4ZYAU4A2YBtlNdqOUtc7T2,https://api.spotify.com/v1/audio-analysis/4ZYAU4A2YBtlNdqOUtc7T2,214445,4
Ain't That Some,Morgan Wallen,0.641,0.803,6,-5.781,0,0.0286,0.00232,3.86e-06,0.361,0.671,121.086,audio_features,2YVlDlk2zRceefo6XlC6DX,spotify:track:2YVlDlk2zRceefo6XlC6DX,https://api.spotify.com/v1/tracks/2YVlDlk2zRceefo6XlC6DX,https://api.spotify.com/v1/audio-analysis/2YVlDlk2zRceefo6XlC6DX,158004,4
Never Felt So Alone,Labrinth,0.436,0.409,5,-4.438,1,0.0533,0.499,0.000166,0.38,0.363,98.357,audio_features,2NbsBSshscKIPRG3kwBbfo,spotify:track:2NbsBSshscKIPRG3kwBbfo,https://api.spotify.com/v1/tracks/2NbsBSshscKIPRG3kwBbfo,https://api.spotify.com/v1/audio-analysis/2NbsBSshscKIPRG3kwBbfo,160166,3
Nonsense,Sabrina Carpenter,0.74,0.697,8,-4.912,1,0.034,0.0268,0.0,0.224,0.732,138.992,audio_features,6dgUya35uo964z7GZXM07g,spotify:track:6dgUya35uo964z7GZXM07g,https://api.spotify.com/v1/tracks/6dgUya35uo964z7GZXM07g,https://api.spotify.com/v1/audio-analysis/6dgUya35uo964z7GZXM07g,163648,4
Everything I Love,Morgan Wallen,0.568,0.841,8,-3.802,1,0.0261,0.00514,0.000503,0.147,0.668,103.983,audio_features,03fs6oV5JAlbytRYf3371S,spotify:track:03fs6oV5JAlbytRYf3371S,https://api.spotify.com/v1/tracks/03fs6oV5JAlbytRYf3371S,https://api.spotify.com/v1/audio-analysis/03fs6oV5JAlbytRYf3371S,187047,4
See You Again,"Tyler, The Creator Featuring Kali Uchis",0.702,0.659,4,-6.766,0,0.13,0.301,0.00201,0.218,0.843,79.64,audio_features,1otG6j1WHNvl9WgXLWkHTo,spotify:track:1otG6j1WHNvl9WgXLWkHTo,https://api.spotify.com/v1/tracks/1otG6j1WHNvl9WgXLWkHTo,https://api.spotify.com/v1/audio-analysis/1otG6j1WHNvl9WgXLWkHTo,207455,4
I Wrote The Book,Morgan Wallen,0.692,0.808,2,-3.757,1,0.0396,0.0834,3.75e-05,0.0913,0.802,143.977,audio_features,7phmBo7bB9I9YifAXqnlqV,spotify:track:7phmBo7bB9I9YifAXqnlqV,https://api.spotify.com/v1/tracks/7phmBo7bB9I9YifAXqnlqV,https://api.spotify.com/v1/audio-analysis/7phmBo7bB9I9YifAXqnlqV,181767,4
Cowgirls,Morgan Wallen Featuring ERNEST,0.624,0.766,8,-3.805,1,0.0359,0.199,8.62e-06,0.156,0.37,172.08,audio_features,7fveJ3pk1eSfxBdVkzdXZ0,spotify:track:7fveJ3pk1eSfxBdVkzdXZ0,https://api.spotify.com/v1/tracks/7fveJ3pk1eSfxBdVkzdXZ0,https://api.spotify.com/v1/audio-analysis/7fveJ3pk1eSfxBdVkzdXZ0,181621,4
Man Made A Bar,Morgan Wallen Featuring Eric Church,0.495,0.786,4,-4.961,1,0.0315,0.119,7.55e-05,0.121,0.487,148.026,audio_features,2VbOMKmfMtQHPeQObsVlOj,spotify:track:2VbOMKmfMtQHPeQObsVlOj,https://api.spotify.com/v1/tracks/2VbOMKmfMtQHPeQObsVlOj,https://api.spotify.com/v1/audio-analysis/2VbOMKmfMtQHPeQObsVlOj,191231,4
Ch y La Pizza,Fuerza Regida X Natanael Cano,0.661,0.6,8,-4.495,1,0.125,0.401,0.0,0.141,0.848,148.666,audio_features,1ySH55O0zbQBR77q8wQEyn,spotify:track:1ySH55O0zbQBR77q8wQEyn,https://api.spotify.com/v1/tracks/1ySH55O0zbQBR77q8wQEyn,https://api.spotify.com/v1/audio-analysis/1ySH55O0zbQBR77q8wQEyn,136913,3
Need A Favor,Jelly Roll,0.504,0.771,6,-4.231,1,0.0319,0.0123,1.89e-05,0.078,0.555,157.985,audio_features,5jUOG0aeAofL5u3UWyrtDO,spotify:track:5jUOG0aeAofL5u3UWyrtDO,https://api.spotify.com/v1/tracks/5jUOG0aeAofL5u3UWyrtDO,https://api.spotify.com/v1/audio-analysis/5jUOG0aeAofL5u3UWyrtDO,197400,4
Yandel 150,Yandel & Feid,0.783,0.729,6,-3.549,0,0.0691,0.0492,0.000272,0.1,0.58,167.968,audio_features,2oiixB9QMIzhWaHGVlQx4g,spotify:track:2oiixB9QMIzhWaHGVlQx4g,https://api.spotify.com/v1/tracks/2oiixB9QMIzhWaHGVlQx4g,https://api.spotify.com/v1/audio-analysis/2oiixB9QMIzhWaHGVlQx4g,216148,4
In Ha Mood,Ice Spice,0.768,0.74,0,-6.595,1,0.336,0.696,6.81e-06,0.23,0.532,141.059,audio_features,0yUaLqhsVsguBpoOPL4cO7,spotify:track:0yUaLqhsVsguBpoOPL4cO7,https://api.spotify.com/v1/tracks/0yUaLqhsVsguBpoOPL4cO7,https://api.spotify.com/v1/audio-analysis/0yUaLqhsVsguBpoOPL4cO7,129362,4
Trance,"Metro Boomin, Travis Scott & Young Thug",0.571,0.549,1,-7.38,0,0.404,0.18,0.0,0.168,0.447,119.497,audio_features,5wG3HvLhF6Y5KTGlK0IW3J,spotify:track:5wG3HvLhF6Y5KTGlK0IW3J,https://api.spotify.com/v1/tracks/5wG3HvLhF6Y5KTGlK0IW3J,https://api.spotify.com/v1/audio-analysis/5wG3HvLhF6Y5KTGlK0IW3J,194787,4
ICU,Coco Jones,0.584,0.453,8,-6.682,1,0.0661,0.753,0.0,0.111,0.328,124.913,audio_features,58cMDjQSUdWJUgFmHxRhjt,spotify:track:58cMDjQSUdWJUgFmHxRhjt,https://api.spotify.com/v1/tracks/58cMDjQSUdWJUgFmHxRhjt,https://api.spotify.com/v1/audio-analysis/58cMDjQSUdWJUgFmHxRhjt,241624,3
El Gordo Trae El Mando,Chino Pacas,0.736,0.8,7,-5.38,0,0.0525,0.179,0.0,0.0498,0.961,140.253,audio_features,3kf0WdFOalKWBkCCLJo4mA,spotify:track:3kf0WdFOalKWBkCCLJo4mA,https://api.spotify.com/v1/tracks/3kf0WdFOalKWBkCCLJo4mA,https://api.spotify.com/v1/audio-analysis/3kf0WdFOalKWBkCCLJo4mA,112087,3
All Of The Girls You Loved Before,Taylor Swift,0.718,0.467,2,-9.66,1,0.0398,0.707,6.92e-05,0.126,0.396,95.96,audio_features,4P9Q0GojKVXpRTJCaL3kyy,spotify:track:4P9Q0GojKVXpRTJCaL3kyy,https://api.spotify.com/v1/tracks/4P9Q0GojKVXpRTJCaL3kyy,https://api.spotify.com/v1/audio-analysis/4P9Q0GojKVXpRTJCaL3kyy,221407,3
Gold,Dierks Bentley,0.674,0.873,1,-4.256,1,0.0285,0.0482,0.0,0.18,0.946,115.01,audio_features,4iy69rTUn8cAY8Q8q9vfOw,spotify:track:4iy69rTUn8cAY8Q8q9vfOw,https://api.spotify.com/v1/tracks/4iy69rTUn8cAY8Q8q9vfOw,https://api.spotify.com/v1/audio-analysis/4iy69rTUn8cAY8Q8q9vfOw,167760,4
Dogtooth,"Tyler, The Creator",0.706,0.648,8,-6.348,1,0.324,0.505,0.0,0.215,0.802,77.533,audio_features,6OfOzTitafSnsaunQLuNFw,spotify:track:6OfOzTitafSnsaunQLuNFw,https://api.spotify.com/v1/tracks/6OfOzTitafSnsaunQLuNFw,https://api.spotify.com/v1/audio-analysis/6OfOzTitafSnsaunQLuNFw,161041,4
Painting Pictures,Superstar Pride,0.956,0.515,11,-9.962,0,0.337,0.305,0.0,0.156,0.69,119.937,audio_features,7oLKoGzQVwjZ91AzCn560T,spotify:track:7oLKoGzQVwjZ91AzCn560T,https://api.spotify.com/v1/tracks/7oLKoGzQVwjZ91AzCn560T,https://api.spotify.com/v1/audio-analysis/7oLKoGzQVwjZ91AzCn560T,122070,4
Ceilings,Lizzy McAlpine,0.516,0.322,9,-11.762,1,0.0292,0.473,0.00194,0.215,0.261,148.005,audio_features,2L9N0zZnd37dwF0clgxMGI,spotify:track:2L9N0zZnd37dwF0clgxMGI,https://api.spotify.com/v1/tracks/2L9N0zZnd37dwF0clgxMGI,https://api.spotify.com/v1/audio-analysis/2L9N0zZnd37dwF0clgxMGI,182888,3
Human,Cody Johnson,0.4,0.647,2,-7.279,1,0.0337,0.176,5.79e-05,0.11,0.274,84.08,audio_features,5AihIu9yF3flkw1jFMyfwW,spotify:track:5AihIu9yF3flkw1jFMyfwW,https://api.spotify.com/v1/tracks/5AihIu9yF3flkw1jFMyfwW,https://api.spotify.com/v1/audio-analysis/5AihIu9yF3flkw1jFMyfwW,221520,4
Que Vuelvas,Carin Leon X Grupo Frontera,0.491,0.643,10,-4.309,1,0.0442,0.187,0.0,0.109,0.779,162.469,audio_features,6Um358vY92UBv5DloTRX9L,spotify:track:6Um358vY92UBv5DloTRX9L,https://api.spotify.com/v1/tracks/6Um358vY92UBv5DloTRX9L,https://api.spotify.com/v1/audio-analysis/6Um358vY92UBv5DloTRX9L,169419,4
Strike (Holster),Lil Yachty,0.851,0.642,1,-5.281,1,0.216,0.0658,0.0,0.0713,0.701,143.091,audio_features,7iTTWHbr4tAlsRJN4m4bay,spotify:track:7iTTWHbr4tAlsRJN4m4bay,https://api.spotify.com/v1/tracks/7iTTWHbr4tAlsRJN4m4bay,https://api.spotify.com/v1/audio-analysis/7iTTWHbr4tAlsRJN4m4bay,148115,4
Sunrise,Morgan Wallen,0.697,0.692,7,-9.482,0,0.0409,0.597,0.743,0.107,0.501,117.991,audio_features,2qsUw1xPsAZIZMIKQlVP7y,spotify:track:2qsUw1xPsAZIZMIKQlVP7y,https://api.spotify.com/v1/tracks/2qsUw1xPsAZIZMIKQlVP7y,https://api.spotify.com/v1/audio-analysis/2qsUw1xPsAZIZMIKQlVP7y,229851,4
Like Crazy,Jimin,0.623,0.755,7,-5.386,1,0.0415,0.00306,0.0,0.387,0.32,119.957,audio_features,0u8rZGtXJrLtiSe34FPjGG,spotify:track:0u8rZGtXJrLtiSe34FPjGG,https://api.spotify.com/v1/tracks/0u8rZGtXJrLtiSe34FPjGG,https://api.spotify.com/v1/audio-analysis/0u8rZGtXJrLtiSe34FPjGG,212254,4
Dawns,Zach Bryan Featuring Maggie Rogers,0.447,0.441,0,-7.658,1,0.0456,0.874,4.36e-05,0.188,0.286,122.811,audio_features,42TtHTxWk782ZBiqyOi2d1,spotify:track:42TtHTxWk782ZBiqyOi2d1,https://api.spotify.com/v1/tracks/42TtHTxWk782ZBiqyOi2d1,https://api.spotify.com/v1/audio-analysis/42TtHTxWk782ZBiqyOi2d1,290892,4
Happy,NF,0.732,0.855,7,-4.064,1,0.0415,0.306,0.0,0.12,0.221,106.004,audio_features,3ZEno9fORwMA1HPecdLi0R,spotify:track:3ZEno9fORwMA1HPecdLi0R,https://api.spotify.com/v1/tracks/3ZEno9fORwMA1HPecdLi0R,https://api.spotify.com/v1/audio-analysis/3ZEno9fORwMA1HPecdLi0R,242691,4
Chanel,Becky G & Peso Pluma,0.852,0.675,2,-5.738,1,0.0363,0.397,0.00317,0.0905,0.528,132.005,audio_features,5RcxRGvmYai7kpFSfxe5GY,spotify:track:5RcxRGvmYai7kpFSfxe5GY,https://api.spotify.com/v1/tracks/5RcxRGvmYai7kpFSfxe5GY,https://api.spotify.com/v1/audio-analysis/5RcxRGvmYai7kpFSfxe5GY,201993,3
Forever,Lil Baby Featuring Fridayy,0.462,0.251,4,-12.072,0,0.159,0.414,0.0,0.201,0.137,89.705,audio_features,1T4k0sw0HldDg004Kw4Oct,spotify:track:1T4k0sw0HldDg004Kw4Oct,https://api.spotify.com/v1/tracks/1T4k0sw0HldDg004Kw4Oct,https://api.spotify.com/v1/audio-analysis/1T4k0sw0HldDg004Kw4Oct,167977,3
Igualito A Mi Apa,Fuerza Regida & Peso Pluma,0.758,0.812,4,-3.272,0,0.0854,0.188,0.0,0.0564,0.795,144.908,audio_features,17js0w8GTkTUFGFM6PYvBd,spotify:track:17js0w8GTkTUFGFM6PYvBd,https://api.spotify.com/v1/tracks/17js0w8GTkTUFGFM6PYvBd,https://api.spotify.com/v1/audio-analysis/17js0w8GTkTUFGFM6PYvBd,166821,4
Special,Lizzo Featuring SZA,0.464,0.724,7,-5.019,1,0.0705,0.0188,0.0,0.679,0.303,82.526,audio_features,0rc1HCVoReqzzXF9jssqZk,spotify:track:0rc1HCVoReqzzXF9jssqZk,https://api.spotify.com/v1/tracks/0rc1HCVoReqzzXF9jssqZk,https://api.spotify.com/v1/audio-analysis/0rc1HCVoReqzzXF9jssqZk,174749,4
5 Leaf Clover,Luke Combs,0.423,0.58,1,-4.959,1,0.0243,0.0554,2.92e-06,0.168,0.336,82.755,audio_features,52ChYmfu792MW2Ezv0whpk,spotify:track:52ChYmfu792MW2Ezv0whpk,https://api.spotify.com/v1/tracks/52ChYmfu792MW2Ezv0whpk,https://api.spotify.com/v1/audio-analysis/52ChYmfu792MW2Ezv0whpk,211053,3
"Bzrp Music Sessions, Vol. 53",Bizarrap & Shakira,0.778,0.632,2,-5.6,0,0.0493,0.274,0.0,0.0915,0.498,122.104,audio_features,4nrPB8O7Y7wsOCJdgXkthe,spotify:track:4nrPB8O7Y7wsOCJdgXkthe,https://api.spotify.com/v1/tracks/4nrPB8O7Y7wsOCJdgXkthe,https://api.spotify.com/v1/audio-analysis/4nrPB8O7Y7wsOCJdgXkthe,218289,4
Heaven,Niall Horan,0.666,0.463,5,-5.574,1,0.0285,0.575,0.0,0.122,0.465,88.481,audio_features,0DXmK0QaBycr8MpM52Kaeo,spotify:track:0DXmK0QaBycr8MpM52Kaeo,https://api.spotify.com/v1/tracks/0DXmK0QaBycr8MpM52Kaeo,https://api.spotify.com/v1/audio-analysis/0DXmK0QaBycr8MpM52Kaeo,183644,4
Don't Play With It,Lola Brooke X Latto X Yung Miami Or Featuring Billy B,0.776,0.688,1,-5.75,1,0.127,0.00645,0.0,0.0757,0.43,99.122,audio_features,7rl489EKnUgITmkBd6P9zi,spotify:track:7rl489EKnUgITmkBd6P9zi,https://api.spotify.com/v1/tracks/7rl489EKnUgITmkBd6P9zi,https://api.spotify.com/v1/audio-analysis/7rl489EKnUgITmkBd6P9zi,179533,4
Memory Lane,Old Dominion,0.645,0.8,6,-4.272,1,0.0363,0.0189,1.12e-05,0.0858,0.375,118.977,audio_features,5kB6WithhB8Iv08EMNmAbt,spotify:track:5kB6WithhB8Iv08EMNmAbt,https://api.spotify.com/v1/tracks/5kB6WithhB8Iv08EMNmAbt,https://api.spotify.com/v1/audio-analysis/5kB6WithhB8Iv08EMNmAbt,172480,4
Love Again,The Kid LAROI,0.662,0.398,11,-6.691,0,0.0275,0.716,0.0,0.111,0.468,107.001,audio_features,4sx6NRwL6Ol3V6m9exwGlQ,spotify:track:4sx6NRwL6Ol3V6m9exwGlQ,https://api.spotify.com/v1/tracks/4sx6NRwL6Ol3V6m9exwGlQ,https://api.spotify.com/v1/audio-analysis/4sx6NRwL6Ol3V6m9exwGlQ,145850,4
'98 Braves,Morgan Wallen,0.896,0.539,6,-6.75,1,0.326,0.353,0.0,0.073,0.699,94.89,audio_features,62JPBAF2HM8bDAf1ZVswpS,spotify:track:62JPBAF2HM8bDAf1ZVswpS,https://api.spotify.com/v1/tracks/62JPBAF2HM8bDAf1ZVswpS,https://api.spotify.com/v1/audio-analysis/62JPBAF2HM8bDAf1ZVswpS,141474,4
Di Que Si,Grupo Marca Registrada X Grupo Frontera,0.57,0.589,9,-5.378,1,0.0488,0.0753,0.0,0.0582,0.796,182.318,audio_features,0kzN7YAMSbmlHOvxlbQW9y,spotify:track:0kzN7YAMSbmlHOvxlbQW9y,https://api.spotify.com/v1/tracks/0kzN7YAMSbmlHOvxlbQW9y,https://api.spotify.com/v1/audio-analysis/0kzN7YAMSbmlHOvxlbQW9y,190554,4
It Matters To Her,Scotty McCreery,0.516,0.752,7,-5.09,1,0.0333,0.00528,3.78e-05,0.251,0.482,105.007,audio_features,4aSRUXfKuBbmje0eXNukuL,spotify:track:4aSRUXfKuBbmje0eXNukuL,https://api.spotify.com/v1/tracks/4aSRUXfKuBbmje0eXNukuL,https://api.spotify.com/v1/audio-analysis/4aSRUXfKuBbmje0eXNukuL,171880,4
